{
    "loss": [
        0.6104031801223755,
        0.3111226558685303,
        0.19001847505569458,
        0.12190811336040497,
        0.0818251520395279,
        0.0667555034160614,
        0.06826728582382202,
        0.042000964283943176,
        0.03925950825214386,
        0.04022495076060295
    ],
    "accuracy": [
        0.647067666053772,
        0.8631086945533752,
        0.9253731369972229,
        0.9553746581077576,
        0.9736167788505554,
        0.9778380990028381,
        0.9763304591178894,
        0.9867330193519592,
        0.9889944195747375,
        0.9871852993965149
    ],
    "val_loss": [
        0.41283565759658813,
        0.17093847692012787,
        0.1202157735824585,
        0.1312832236289978,
        0.0499226339161396,
        0.032902792096138,
        0.04579533264040947,
        0.02460896223783493,
        0.046096738427877426,
        0.045405201613903046
    ],
    "val_accuracy": [
        0.7972028255462646,
        0.9398601651191711,
        0.9608391523361206,
        0.9454545378684998,
        0.9874125719070435,
        0.9846153855323792,
        0.9846153855323792,
        0.9930070042610168,
        0.977622389793396,
        0.9804195761680603
    ]
}